strain	length	A	C	G	T	N	other_IUPAC	-	?	invalid_nucleotides
OU953897.1	10884	2862	2321	2999	2234	465	3	0	0	0
OU953898.1	10888	2684	2157	2831	2088	1126	2	0	0	0
OU953895.1	10886	2904	2359	3046	2286	288	3	0	0	0
OU953896.1	10885	2868	2327	3005	2242	441	2	0	0	0
NC_009942.1	11029	3017	2470	3172	2370	0	0	0	0	0
DQ256376.1	11014	2944	2477	3226	2367	0	0	0	0	0
DQ176636.2	10866	2914	2384	3119	2449	0	0	0	0	0
EF429197.1	11052	3032	2510	3100	2399	0	11	0	0	0
EF429198.1	11052	3028	2507	3107	2403	0	7	0	0	0
EF429199.1	11052	3031	2492	3108	2414	0	7	0	0	0
EF429200.1	11051	3023	2510	3109	2402	0	7	0	0	0
FJ159129.1	10845	2919	2528	3179	2219	0	0	0	0	0
FJ159130.1	10845	2929	2523	3171	2222	0	0	0	0	0
FJ159131.1	10845	2923	2532	3175	2215	0	0	0	0	0
FJ483548.1	11030	3020	2481	3164	2365	0	0	0	0	0
FJ483549.1	11030	3019	2478	3165	2368	0	0	0	0	0
FJ766331.1	10960	3008	2457	3133	2362	0	0	0	0	0
FJ766332.1	10961	3009	2457	3134	2361	0	0	0	0	0
GQ379160.1	11029	3008	2462	3181	2377	0	1	0	0	0
GQ379161.1	11029	3021	2463	3168	2374	0	3	0	0	0
GU011992.2	11030	3016	2482	3167	2364	0	1	0	0	0
HM051416.1	11029	3026	2474	3164	2365	0	0	0	0	0
HM147822.1	11065	2994	2535	3146	2390	0	0	0	0	0
HM147823.1	11051	3015	2459	3120	2457	0	0	0	0	0
HM147824.1	11050	3008	2517	3130	2395	0	0	0	0	0
HQ537483.1	11028	3014	2495	3111	2408	0	0	0	0	0
JF707789.1	10900	2987	2445	3127	2341	0	0	0	0	0
JF719065.1	10969	3005	2465	3143	2355	0	1	0	0	0
JF719066.1	10953	3002	2464	3140	2347	0	0	0	0	0
JF719067.1	10926	2996	2451	3133	2346	0	0	0	0	0
JF719068.1	10926	2990	2453	3137	2346	0	0	0	0	0
JF719069.1	10990	3012	2467	3155	2356	0	0	0	0	0
JN858069.1	10895	2985	2451	3130	2328	0	1	0	0	0
JN858070.1	10520	2877	2367	2961	2315	0	0	0	0	0
JN393308.1	11042	3021	2520	3107	2382	0	12	0	0	0
JX041628.1	10942	2988	2476	3148	2323	0	7	0	0	0
JX041629.1	10898	2969	2462	3142	2325	0	0	0	0	0
JX041630.1	10810	2948	2441	3108	2310	1	2	0	0	0
JX041631.1	10820	2951	2456	3056	2356	0	1	0	0	0
JX041632.1	10900	2902	2442	3202	2352	0	2	0	0	0
JX041634.1	10998	3012	2450	3140	2372	0	24	0	0	0
JQ928174.1	10714	2937	2381	3068	2326	0	2	0	0	0
JQ928175.1	10477	2875	2338	3000	2264	0	0	0	0	0
JX556213.1	10736	2943	2401	3078	2314	0	0	0	0	0
JX123030.1	10983	2999	2407	3144	2432	0	1	0	0	0
JX123031.1	10983	2998	2405	3147	2433	0	0	0	0	0
KC407667.1	11029	3016	2470	3173	2370	0	0	0	0	0
KC407673.1	11028	3004	2492	3120	2412	0	0	0	0	0
KC601756.1	10948	3015	2457	3118	2358	0	0	0	0	0
JX442279.1	11029	3019	2458	3162	2390	0	0	0	0	0
KC954092.1	10781	2957	2409	3088	2327	0	0	0	0	0
KF234080.1	11030	3018	2478	3168	2366	0	0	0	0	0
KF179639.1	11000	3005	2487	3105	2403	0	0	0	0	0
KF179640.1	10998	3007	2494	3101	2393	0	3	0	0	0
KF588365.1	10998	3006	2489	3101	2402	0	0	0	0	0
KC496015.1	11028	3003	2494	3120	2411	0	0	0	0	0
KC496016.1	11028	3009	2494	3114	2411	0	0	0	0	0
KF647248.1	11013	2734	2269	2808	2178	1023	1	0	0	0
KF647249.1	10986	3000	2480	3100	2406	0	0	0	0	0
KF647250.1	11013	2977	2457	3071	2370	137	1	0	0	0
KF647251.1	10994	3005	2488	3103	2398	0	0	0	0	0
KF647252.1	10974	2974	2442	3055	2365	138	0	0	0	0
KF647253.1	10483	2883	2315	2997	2288	0	0	0	0	0
KF367469.1	10763	2949	2384	3085	2343	0	2	0	0	0
KM203860.1	11018	3010	2493	3109	2406	0	0	0	0	0
KM203861.1	11018	3012	2502	3103	2395	0	6	0	0	0
KM203862.1	11018	3010	2498	3108	2402	0	0	0	0	0
KM203863.1	11018	3007	2492	3112	2406	0	1	0	0	0
KM659876.1	11028	3014	2496	3110	2408	0	0	0	0	0
KJ958922.1	11026	3020	2484	3165	2357	0	0	0	0	0
KJ883343.1	11002	3005	2485	3106	2406	0	0	0	0	0
KJ883344.1	11003	3004	2488	3107	2404	0	0	0	0	0
KJ883345.1	11008	3007	2488	3106	2407	0	0	0	0	0
KJ883346.1	11000	3010	2485	3102	2403	0	0	0	0	0
KJ883348.1	11002	3006	2487	3105	2404	0	0	0	0	0
KJ883349.1	10967	2996	2483	3095	2393	0	0	0	0	0
KP789953.1	10994	3009	2490	3097	2398	0	0	0	0	0
KP789954.1	11000	3010	2494	3097	2399	0	0	0	0	0
KP789955.1	10995	3008	2490	3098	2399	0	0	0	0	0
KP789956.1	10938	2991	2486	3082	2379	0	0	0	0	0
KP789957.1	10999	3007	2491	3100	2401	0	0	0	0	0
KP789958.1	11000	3009	2490	3099	2402	0	0	0	0	0
KP789959.1	10947	2993	2479	3087	2388	0	0	0	0	0
KP789960.1	10949	2988	2482	3090	2388	0	1	0	0	0
KP109691.1	10988	3006	2487	3096	2399	0	0	0	0	0
KP109692.1	10988	3005	2492	3097	2394	0	0	0	0	0
KT207791.1	10983	3006	2495	3092	2389	0	1	0	0	0
KT207792.1	10995	3009	2493	3097	2396	0	0	0	0	0
KP780837.1	10963	2997	2480	3092	2394	0	0	0	0	0
KP780838.1	10963	2997	2473	3092	2401	0	0	0	0	0
KP780839.1	10963	2994	2470	3094	2401	0	4	0	0	0
KP780840.1	10963	2993	2451	3092	2427	0	0	0	0	0
KT163243.1	11029	3028	2473	3164	2364	0	0	0	0	0
KT359349.1	10966	2997	2486	3092	2391	0	0	0	0	0
KU588135.1	10485	2870	2334	3003	2275	0	3	0	0	0
KU206781.1	10983	2996	2483	3102	2399	0	3	0	0	0
KX547235.1	10787	2949	2394	3102	2342	0	0	0	0	0
KY523178.1	11050	3025	2504	3115	2406	0	0	0	0	0
KY594040.1	11050	3022	2496	3117	2415	0	0	0	0	0
MF797870.1	10982	2994	2462	3156	2370	0	0	0	0	0
MG004528.1	10803	2949	2388	3111	2346	0	9	0	0	0
MG004530.1	10803	2946	2391	3112	2345	0	9	0	0	0
MG004531.1	10803	2950	2385	3110	2348	0	10	0	0	0
MG004532.1	10803	2952	2391	3111	2344	0	5	0	0	0
MG004534.1	10803	2945	2391	3115	2343	0	9	0	0	0
MG004536.1	10803	2944	2390	3116	2345	0	8	0	0	0
MG004540.1	10803	2940	2399	3122	2335	0	7	0	0	0
MG004541.1	10803	2954	2384	3106	2345	0	14	0	0	0
LC318700.1	11050	3023	2501	3114	2412	0	0	0	0	0
MF984341.1	10658	2910	2399	3002	2347	0	0	0	0	0
MF984342.1	10831	2950	2453	3055	2373	0	0	0	0	0
MF984343.1	11013	3006	2492	3108	2407	0	0	0	0	0
MF984344.1	11024	3011	2498	3110	2405	0	0	0	0	0
MF984345.1	11013	3008	2496	3104	2405	0	0	0	0	0
MF984349.1	10720	2921	2414	3021	2364	0	0	0	0	0
MF984350.1	10979	2999	2476	3099	2405	0	0	0	0	0
MH021189.1	11060	3024	2496	3123	2417	0	0	0	0	0
MH244510.1	11025	3011	2494	3111	2409	0	0	0	0	0
MH244511.1	11026	3013	2496	3109	2408	0	0	0	0	0
MH244512.1	11013	3016	2492	3101	2404	0	0	0	0	0
MH244513.1	11012	3010	2499	3105	2398	0	0	0	0	0
MH986055.1	11029	3010	2495	3113	2411	0	0	0	0	0
MH986056.1	11018	3012	2492	3108	2406	0	0	0	0	0
MH939153.1	10948	2994	2492	3084	2378	0	0	0	0	0
MH939154.1	10976	2997	2490	3095	2394	0	0	0	0	0
MH924836.1	11080	3023	2510	3124	2423	0	0	0	0	0
MH643887.1	11019	3007	2447	3174	2391	0	0	0	0	0
MK352483.1	10785	2951	2375	3103	2356	0	0	0	0	0
MN481589.1	10926	2989	2463	3087	2387	0	0	0	0	0
MN481590.1	10926	2990	2455	3086	2395	0	0	0	0	0
MN481591.1	10926	2984	2465	3089	2388	0	0	0	0	0
MN481592.1	10926	2994	2468	3079	2385	0	0	0	0	0
MN481593.1	10926	2994	2469	3080	2383	0	0	0	0	0
MN481594.1	10926	2994	2465	3081	2386	0	0	0	0	0
MN481595.1	10926	2990	2470	3084	2382	0	0	0	0	0
MN481596.1	10926	2989	2473	3084	2380	0	0	0	0	0
MN481597.1	10926	2995	2469	3080	2382	0	0	0	0	0
MN480792.1	10926	2990	2462	3088	2386	0	0	0	0	0
MN480793.1	10926	2989	2460	3087	2390	0	0	0	0	0
MN480794.1	10926	2993	2460	3083	2390	0	0	0	0	0
MN480795.1	10926	2987	2462	3088	2388	0	1	0	0	0
MN652878.1	10926	2990	2462	3086	2388	0	0	0	0	0
MN652879.1	10926	2989	2460	3087	2390	0	0	0	0	0
MN652880.1	10926	2989	2461	3086	2390	0	0	0	0	0
MN149538.1	10991	3009	2439	3153	2390	0	0	0	0	0
MN794935.1	11043	3012	2496	3117	2418	0	0	0	0	0
MN794937.1	11056	3018	2496	3122	2420	0	0	0	0	0
MN794938.1	11056	3020	2502	3120	2414	0	0	0	0	0
MN794939.1	11056	3019	2504	3121	2412	0	0	0	0	0
MT341470.1	10787	2945	2430	3043	2369	0	0	0	0	0
MT341471.1	10787	2943	2429	3045	2370	0	0	0	0	0
MT341472.1	10787	2940	2436	3048	2363	0	0	0	0	0
MN849176.1	10785	2951	2401	3101	2332	0	0	0	0	0
MN619801.1	11046	3005	2521	3129	2391	0	0	0	0	0
MN619802.1	11043	3028	2502	3108	2405	0	0	0	0	0
MN619803.1	11073	3027	2504	3115	2427	0	0	0	0	0
